Month,Anger,Anticipation,Disgust,Fear,Joy,Sadness,Surprise,Trust,Class
Jan,1,1,1,2,1,1,2,3,0
Jan,0,0,0,0,0,0,0,1,0
Jan,0,0,0,0,0,0,0,1,0
Jan,1,1,0,1,0,0,0,2,0
Jan,0,2,0,0,4,0,0,5,0
Jan,1,2,0,0,2,0,2,3,0
Jan,0,1,0,0,1,0,0,2,0
Jan,0,0,0,0,0,0,0,1,0
Jan,0,2,0,0,2,0,0,3,0
Jan,0,0,0,0,0,0,0,2,0
Jan,1,1,0,0,1,0,1,2,0
Jan,0,0,0,0,0,0,0,2,0
Feb,0,0,0,0,0,0,0,1,0
Feb,0,0,0,0,0,0,0,1,0
Feb,0,3,0,1,3,0,1,4,0
Feb,0,0,0,0,0,0,0,1,0
Feb,0,0,0,0,0,0,0,1,0
Feb,0,0,0,0,0,0,0,1,0
Feb,0,0,0,0,0,0,0,1,0
Feb,0,0,0,0,0,0,0,1,0
Feb,0,1,0,1,1,0,1,2,0
Feb,0,0,1,1,1,0,0,2,0
Feb,0,0,0,0,1,0,0,2,0
Feb,0,0,0,0,0,0,0,1,0
Feb,1,0,0,2,0,1,0,3,0
March,0,0,0,0,0,0,0,2,0
March,0,1,0,0,1,0,1,2,0
March,0,0,0,0,0,0,0,1,0
March,0,0,0,0,0,0,0,1,0
March,0,0,0,0,0,0,0,1,0
March,0,0,0,0,0,0,0,1,0
March,0,0,0,0,0,0,0,1,0
March,0,0,0,0,0,0,0,1,0
March,0,0,0,0,0,0,0,1,0
March,0,0,0,0,0,0,0,1,0
March,0,2,0,1,0,0,0,3,0
March,0,0,0,0,0,0,0,2,0
March,0,0,0,0,0,0,0,1,0
March,0,0,0,0,0,0,0,1,0
March,0,1,0,2,2,0,0,4,0
March,0,0,0,0,0,0,0,1,0
April,0,0,0,0,0,0,0,1,0
April,0,0,0,0,0,0,0,1,0
April,0,0,0,0,0,0,0,2,0
April,0,0,0,0,0,0,0,3,0
April,0,0,0,0,0,0,0,2,0
April,0,2,0,1,2,0,1,4,0
April,0,0,0,0,0,0,0,1,0
April,0,0,0,0,0,0,0,2,0
April,0,0,0,0,0,0,0,1,0
April,0,0,0,0,0,0,0,1,0
April,0,0,0,0,0,0,0,1,0
April,0,0,0,0,0,0,0,1,0
April,0,0,0,1,1,0,0,2,0
April,0,0,0,0,0,0,0,1,0
April,0,0,0,0,0,0,0,1,0
April,0,1,1,1,0,1,0,2,0
April,0,0,0,0,0,0,0,1,0
April,0,0,0,0,0,0,0,1,0
April,0,0,0,0,0,0,0,1,0
April,0,0,0,0,0,0,0,2,0
April,0,0,0,0,0,0,0,1,0
April,0,0,0,0,0,0,0,1,0
April,0,0,0,0,0,0,0,1,0
April,0,1,0,0,2,0,1,3,0
April,0,1,0,0,1,0,1,2,0
April,1,1,0,1,1,0,0,2,0
April,0,0,0,0,0,0,0,1,0
April,1,1,0,1,0,0,0,2,0
April,0,2,0,0,2,1,0,3,0
April,0,0,0,0,0,0,0,1,0
April,0,0,0,0,0,0,0,1,0
April,0,1,0,0,1,0,0,2,0
April,0,0,0,0,0,0,0,1,0
April,0,0,0,0,0,0,0,1,0
April,0,0,0,0,0,0,0,1,0
April,0,0,0,0,2,1,1,3,0
April,0,0,0,0,1,0,0,3,0
April,0,0,0,0,0,0,0,1,0
April,0,0,0,0,0,0,0,1,0
April,0,1,0,0,2,0,0,3,0
April,1,1,2,1,2,1,1,4,0
April,0,0,0,0,1,0,0,2,0
April,0,0,0,0,0,0,0,1,0
April,0,0,0,0,0,0,0,1,0
April,0,0,0,0,0,0,0,1,0
April,0,0,0,0,0,0,0,1,0
April,0,0,0,0,1,0,0,2,0
April,0,3,0,2,1,0,1,4,0
April,0,0,0,0,1,0,0,2,0
April,0,0,0,0,0,0,0,1,0
April,0,2,0,1,2,0,0,5,0
April,0,0,0,0,0,0,0,1,0
April,0,0,0,0,0,0,0,1,0
April,0,0,0,0,0,0,0,1,0
April,0,0,0,0,0,0,0,1,0
April,0,0,0,0,0,0,0,1,0
April,0,0,0,0,0,0,0,1,0
April,0,0,0,0,0,0,0,1,0
April,0,0,0,0,1,0,0,4,0
April,0,0,0,0,0,0,0,1,0
April,0,0,0,0,0,0,0,1,0
April,0,0,0,0,0,0,0,1,0
April,0,0,0,0,0,0,0,1,0
April,0,0,0,0,0,0,0,1,0
April,0,0,1,0,0,0,0,3,0
April,0,0,0,0,1,0,0,2,0
April,0,0,0,0,0,0,0,4,0
April,0,1,0,0,4,0,0,5,0
April,0,0,0,0,0,0,0,1,0
April,0,1,0,0,1,0,0,2,0
April,0,1,0,1,1,0,1,3,0
April,0,1,0,0,1,0,1,2,0
April,0,0,0,0,0,0,0,1,0
April,0,0,0,0,0,0,0,1,0
April,0,0,0,0,0,0,0,1,0
April,0,0,0,0,0,0,0,1,0
April,0,1,0,0,1,0,1,2,0
April,0,0,0,0,0,0,0,1,0
April,0,0,0,0,0,0,0,2,0
April,0,0,0,0,0,0,0,1,0
April,0,0,0,0,0,0,0,2,0
April,0,0,0,0,0,0,0,2,0
April,0,0,0,0,0,0,0,2,0
April,0,0,0,0,0,0,0,1,0
April,0,2,0,0,1,0,1,3,0
April,0,0,0,0,0,0,0,1,0
April,0,0,0,0,0,0,0,2,0
April,0,0,0,0,1,0,0,3,0
April,0,3,0,0,3,0,1,4,0
April,0,0,0,0,0,0,0,1,0
April,0,0,0,0,0,0,0,1,0
April,0,0,0,0,0,0,0,1,0
April,0,0,0,0,0,0,0,1,0
April,0,0,0,0,0,0,0,1,0
April,0,0,0,0,0,0,0,2,0
April,0,0,0,0,0,0,0,1,0
April,0,0,0,0,1,0,0,3,0
April,0,1,0,1,1,1,0,2,0
April,0,1,0,0,1,1,0,2,0
April,0,1,0,0,1,0,1,2,0
April,0,0,0,0,4,0,0,5,0
April,0,0,0,0,0,0,0,2,0
April,0,0,0,0,4,0,0,5,0
April,0,0,0,0,4,0,0,5,0
April,0,0,0,0,3,0,0,4,0
April,0,0,0,0,1,0,0,2,0
April,0,0,0,0,0,0,0,1,0
April,0,0,0,0,0,0,0,2,0
April,0,0,0,0,0,0,0,2,0
April,0,0,0,0,0,0,0,4,0
April,0,0,0,0,0,0,0,2,0
April,0,0,0,0,0,0,0,2,0
April,0,0,0,0,0,0,0,2,0
April,0,0,0,0,0,0,0,3,0
April,0,0,0,0,0,0,0,2,0
April,0,0,0,0,0,0,0,1,0
April,0,0,0,0,0,0,0,3,0
April,0,0,0,0,0,0,0,3,0
April,0,0,0,0,0,0,0,3,0
April,0,0,0,0,0,0,0,3,0
April,0,0,0,0,0,0,0,3,0
April,0,0,0,0,0,0,0,3,0
April,0,0,0,0,0,0,0,4,0
April,0,0,0,0,0,0,0,3,0
April,0,0,0,0,0,0,0,3,0
April,0,0,0,0,0,0,0,3,0
April,0,0,0,0,0,0,0,3,0
April,0,0,0,0,0,0,0,1,0
April,0,0,0,0,0,0,0,1,0
April,1,1,0,0,1,0,0,3,0
April,0,2,0,0,2,0,2,4,0
April,0,0,0,0,0,0,0,2,0
April,0,0,0,0,3,0,0,4,0
April,0,1,0,0,0,0,0,2,0
April,0,0,0,0,3,0,0,4,0
April,0,0,0,0,0,0,0,1,0
April,0,0,1,0,1,0,0,4,0
April,0,0,0,0,0,0,0,1,0
April,0,0,0,0,0,0,0,1,0
April,0,0,0,0,0,0,0,2,0
April,0,0,0,0,0,0,0,1,0
April,0,1,0,0,1,0,0,5,0
April,0,1,0,0,1,0,0,2,0
April,0,0,0,0,0,0,0,1,0
April,0,1,0,0,0,0,0,2,0
April,0,0,0,0,0,0,0,1,0
April,0,0,0,0,1,0,0,2,0
April,0,0,0,0,0,0,0,1,0
April,1,2,0,0,1,0,0,4,0
April,0,0,0,0,1,0,0,2,0
April,0,0,0,0,0,0,0,1,0
April,0,0,0,0,0,0,0,1,0
April,0,0,0,0,0,0,0,1,0
April,0,0,0,0,0,0,0,1,0
April,0,0,0,0,0,0,0,1,0
April,0,2,0,0,4,0,1,5,0
April,0,0,0,0,0,0,0,1,0
April,1,2,0,0,3,0,1,6,0
April,0,2,0,1,1,0,0,3,0
April,0,0,0,0,0,0,0,1,0
April,0,0,0,0,0,0,0,1,0
April,0,0,0,0,0,0,0,1,0
April,0,0,0,0,1,0,0,3,0
April,0,0,0,0,0,0,0,1,0
April,1,0,1,1,0,0,1,2,0
April,0,1,0,0,1,0,1,3,0
April,0,1,0,1,0,0,0,2,0
April,0,0,0,0,0,0,0,1,0
April,0,0,0,0,0,0,0,1,0
April,0,1,0,1,0,0,0,2,0
April,0,1,0,0,1,0,0,2,0
April,0,0,0,0,0,0,0,1,0
April,0,0,0,0,0,0,0,1,0
April,0,0,0,0,0,0,0,1,0
April,0,0,0,0,1,0,1,2,0
April,0,5,0,2,6,2,0,8,0
April,0,0,0,0,0,0,0,1,0
April,0,0,0,0,0,0,0,1,0
April,0,0,0,0,0,0,0,1,0
April,0,1,0,1,0,0,0,3,0
April,0,0,0,0,0,0,0,1,0
April,0,0,0,0,0,0,0,1,0
April,0,3,0,0,3,0,2,4,0
April,0,0,0,0,0,0,0,2,0
April,0,1,0,1,1,0,1,2,0
April,0,0,0,0,0,0,0,1,0
April,0,0,0,0,0,0,0,1,0
April,0,0,0,0,0,0,0,3,0
April,0,0,0,0,0,0,0,1,0
April,0,0,0,0,0,0,0,2,0
April,0,0,0,0,0,0,0,2,0
April,0,0,0,0,0,0,0,1,0
April,0,0,0,0,0,0,0,1,0
April,0,0,0,0,0,0,0,1,0
April,0,1,0,1,0,0,1,2,0
April,0,0,0,0,0,0,0,1,0
April,0,1,1,0,0,0,0,2,0
April,0,0,0,0,0,0,0,1,0
April,0,0,0,0,0,0,0,1,0
April,0,0,0,1,0,0,0,2,0
April,0,2,0,0,3,0,2,5,0
April,0,0,0,0,0,0,0,1,0
April,0,0,0,0,0,0,0,1,0
April,0,0,0,0,0,0,1,2,0
April,0,0,0,0,0,0,0,1,0
April,0,1,0,0,1,0,1,3,0
April,1,1,0,1,0,0,0,2,0
April,0,0,0,0,0,1,0,2,0
April,0,0,0,0,0,0,1,2,0
April,0,0,0,0,0,0,0,2,0
April,0,0,0,0,0,0,0,1,0
April,0,0,0,0,0,0,0,1,0
April,0,0,0,0,0,0,0,1,0
April,0,0,0,0,1,0,0,3,0
April,0,0,0,0,0,0,0,1,0
April,0,0,0,0,0,0,0,1,0
April,0,0,0,0,0,0,0,1,0
April,0,2,0,2,2,0,1,3,0
April,0,0,0,0,0,0,0,1,0
April,0,0,0,0,0,0,0,1,0
April,0,0,0,0,0,0,0,1,0
April,0,1,0,0,0,0,0,2,0
April,0,0,0,0,0,0,0,1,0
April,0,0,0,0,0,0,0,1,0
April,0,0,0,0,0,0,0,1,0
April,0,0,0,0,0,0,0,1,0
April,0,1,0,0,0,0,0,2,0
April,0,0,0,0,0,0,0,1,0
April,0,0,0,0,1,0,0,3,0
April,0,0,0,0,0,0,0,1,0
April,0,0,0,0,0,0,0,1,0
April,1,0,0,1,0,1,1,3,0
April,0,1,0,0,1,1,1,2,0
April,0,2,0,0,1,0,0,3,0
April,0,1,0,1,1,0,1,3,0
April,0,0,0,0,0,0,0,1,0
April,0,1,0,0,0,0,0,4,0
April,1,1,0,1,0,0,0,2,0
April,0,0,0,0,0,0,0,1,0
April,0,0,0,0,0,0,0,1,0
April,0,0,0,0,0,0,0,1,0
April,0,2,0,0,2,0,2,3,0
April,0,0,0,0,0,0,0,1,0
April,0,2,0,0,2,0,1,4,0
April,0,1,0,0,1,0,1,2,0
April,0,0,0,0,0,0,0,1,0
April,0,0,0,0,0,0,0,1,0
May,0,0,0,0,0,0,0,1,0
May,0,0,0,0,0,0,0,1,0
May,1,0,1,1,0,1,0,3,0
May,0,2,1,0,2,1,0,3,0
May,1,2,0,2,2,0,1,3,0
May,0,0,0,0,0,0,0,3,0
May,0,0,1,0,2,0,0,3,0
May,0,1,0,0,1,0,1,2,0
May,0,0,0,0,0,1,0,2,0
May,0,0,0,0,0,0,0,1,0
May,0,0,0,0,0,0,0,1,0
May,0,2,0,0,2,0,0,3,0
May,0,0,0,0,0,0,0,1,0
May,0,2,0,0,1,0,1,4,0
May,0,0,0,0,0,0,0,1,0
May,0,0,0,0,0,0,0,1,0
May,0,1,0,1,1,0,0,2,0
May,0,0,0,0,0,0,0,1,0
May,0,0,0,0,0,0,0,1,0
May,0,2,0,1,2,0,0,3,0
May,0,1,0,0,2,0,0,3,0
May,0,2,0,0,1,0,0,3,0
May,0,1,0,0,0,0,0,2,0
May,0,0,0,0,0,0,0,1,0
May,0,0,0,0,0,0,0,1,0
May,0,0,0,0,0,0,0,2,0
May,0,1,0,0,1,0,0,2,0
May,0,0,0,0,0,0,0,1,0
May,0,0,1,0,2,1,0,3,0
May,0,0,0,0,1,0,0,2,0
May,0,2,0,0,2,0,1,4,0
May,0,0,0,0,0,0,0,1,0
May,0,0,0,0,0,0,0,1,0
May,0,0,0,0,0,0,0,1,0
May,0,2,0,0,2,0,2,3,0
May,0,0,0,0,0,0,0,1,0
May,0,0,0,0,0,0,0,2,0
May,0,0,0,0,0,0,0,1,0
May,0,0,0,0,0,0,0,1,0
May,0,0,0,0,0,1,0,2,0
May,0,0,0,0,0,0,0,1,0
May,0,0,0,0,0,0,0,1,0
May,0,0,0,0,0,0,0,1,0
May,0,0,0,0,0,0,0,1,0
May,0,0,0,0,0,0,0,1,0
May,0,0,0,0,0,0,0,2,0
May,0,0,0,0,0,0,0,1,0
May,0,0,0,0,0,0,0,1,0
May,0,0,0,0,0,0,0,2,0
May,0,0,0,0,0,0,0,1,0
May,0,0,0,0,0,0,0,1,0
May,0,0,0,0,0,0,0,1,0
May,1,0,1,1,0,1,0,2,0
May,1,1,0,0,1,0,1,2,0
May,0,0,0,0,0,0,0,3,0
May,0,1,0,0,2,0,1,4,0
May,0,0,0,0,0,0,0,1,0
May,0,0,0,0,0,0,0,1,0
May,0,0,0,0,0,0,0,2,0
May,0,0,0,0,0,0,0,1,0
May,0,2,0,0,1,0,1,3,0
May,0,1,0,0,1,0,1,2,0
May,0,0,0,0,0,0,0,1,0
May,0,1,0,1,0,0,0,2,0
May,0,1,0,0,2,1,0,3,0
May,1,1,1,1,1,1,1,2,0
May,0,0,0,0,0,0,0,1,0
May,0,0,0,0,0,0,0,1,0
May,0,1,0,0,1,0,0,2,0
May,0,0,0,0,0,0,0,2,0
May,0,0,0,0,0,0,0,1,0
May,0,0,0,0,0,0,0,1,0
May,0,0,0,0,0,0,0,1,0
May,0,0,0,0,0,0,0,2,0
May,0,0,0,0,0,0,0,1,0
May,0,0,0,0,0,0,0,1,0
May,0,0,0,0,0,0,0,1,0
May,0,1,0,0,0,0,0,2,0
May,0,0,0,0,0,0,0,1,0
May,0,0,0,0,0,0,0,1,0
May,1,1,0,1,1,1,1,2,0
May,0,0,0,0,0,0,0,1,0
May,0,0,0,0,0,0,0,1,0
May,0,1,0,0,1,0,0,2,0
May,0,0,0,0,0,0,0,1,0
May,0,1,0,0,1,0,1,2,0
May,0,0,0,0,0,0,0,1,0
May,0,0,0,0,0,0,0,1,0
May,0,0,0,0,0,0,0,1,0
May,0,0,0,0,0,0,0,1,0
May,0,1,0,0,0,0,0,2,0
May,0,0,0,0,0,0,0,1,0
May,0,0,0,0,0,0,0,1,0
May,0,0,0,0,0,0,0,1,0
May,0,0,0,0,0,0,0,1,0
May,0,1,0,0,1,0,0,2,0
May,0,0,0,0,0,0,1,0,0
May,0,0,0,0,0,0,1,0,0
May,0,0,0,0,0,0,1,0,0
May,1,2,1,1,1,2,3,1,0
May,0,0,0,0,0,0,1,0,0
May,0,0,0,0,0,0,1,0,0
May,0,0,0,0,0,0,1,0,0
May,0,0,0,0,0,0,1,0,0
May,0,0,0,0,0,0,1,0,0
May,2,2,1,1,1,1,3,1,0
May,0,0,0,0,0,0,1,0,0
May,0,0,0,0,0,0,1,0,0
May,0,0,0,0,0,0,1,1,0
May,0,1,0,0,1,0,2,0,0
May,1,0,0,0,0,1,2,0,0
May,0,0,0,0,0,0,1,0,0
May,0,0,0,0,0,0,1,0,0
May,0,0,0,0,0,0,1,0,0
May,1,0,1,1,0,1,2,0,0
May,0,1,0,0,1,0,2,0,0
May,0,0,0,0,0,0,1,0,0
May,0,0,0,0,0,0,1,0,0
May,0,0,0,0,0,0,1,0,0
May,0,0,0,0,0,0,4,0,0
May,0,0,0,0,0,0,1,0,0
May,0,0,0,0,0,0,1,0,0
May,0,0,0,0,0,0,1,0,0
May,0,0,0,0,0,1,4,0,0
May,0,0,0,0,0,0,1,1,0
May,0,0,0,0,0,0,1,0,0
May,0,0,0,0,0,0,1,0,0
May,0,1,0,0,1,0,2,1,0
May,0,0,0,0,0,0,1,0,0
May,0,0,0,0,0,0,1,0,0
May,0,1,0,0,1,0,2,0,0
May,0,0,0,0,0,0,1,0,0
May,0,0,0,0,0,0,1,0,0
May,0,0,0,0,0,2,0,0,1
May,0,0,0,0,0,1,0,0,1
May,1,0,1,1,1,2,0,2,1
May,1,0,1,1,0,2,1,0,1
May,1,0,1,2,0,3,1,0,1
May,0,0,0,0,0,2,0,0,1
May,1,0,1,1,0,2,0,0,1
May,0,0,0,0,0,1,0,0,1
May,1,1,1,1,0,2,1,0,1
May,0,0,0,0,0,1,0,0,1
May,0,0,0,0,0,1,0,0,1
May,0,0,0,0,1,2,0,0,1
May,0,0,0,0,1,2,0,0,1
May,0,0,0,0,0,1,0,0,1
May,0,0,0,0,0,1,0,1,1
May,0,0,1,0,0,2,0,0,1
May,0,0,0,0,0,1,0,0,1
May,0,1,0,3,1,4,0,3,1
May,0,0,0,0,0,1,0,0,1
May,2,1,0,2,0,3,0,0,1
May,0,0,0,0,0,1,0,0,1
May,0,0,0,0,0,1,0,0,1
May,0,0,0,0,0,1,1,0,1
May,0,0,0,0,0,1,0,0,1
May,0,0,0,0,0,1,0,0,1
May,0,0,0,0,0,1,0,0,1
May,0,0,0,0,0,1,0,0,1
May,0,1,0,1,1,2,1,2,1
May,0,0,0,0,0,1,0,0,1
May,0,0,0,0,0,2,0,0,1
May,0,0,0,0,0,1,0,0,1
May,0,0,0,0,0,1,0,0,1
May,0,0,0,0,0,1,0,0,1
May,1,0,0,1,0,2,0,1,1
May,0,0,0,0,0,1,0,0,1
May,0,0,0,0,0,1,0,0,1
May,0,0,0,0,0,1,0,0,1
May,0,0,0,0,0,1,0,0,1
May,0,0,0,0,0,1,0,0,1
May,0,0,0,0,0,2,0,0,1
May,0,0,0,0,0,1,1,0,1
May,0,0,0,0,0,1,0,0,1
May,0,0,0,0,0,2,0,0,1
May,1,1,1,1,1,3,1,0,1
May,0,0,0,0,0,1,0,0,1
May,1,2,1,2,0,3,1,0,1
May,0,0,0,0,0,1,0,1,1
May,0,0,0,0,0,1,0,0,1
May,0,0,0,0,0,1,0,0,1
May,0,0,0,0,0,1,0,0,1
May,0,0,0,0,0,1,0,1,1
May,1,0,1,0,0,2,0,0,1
May,0,0,0,0,0,1,0,0,1
May,0,0,0,0,0,1,0,0,1
May,0,0,0,0,0,1,0,0,1
May,0,1,0,1,1,2,0,1,1
May,0,0,0,0,0,1,0,0,1
May,0,0,0,0,0,1,0,1,1
May,0,0,0,0,0,1,0,0,1
May,0,0,0,0,0,1,0,0,1
May,0,0,1,0,1,2,0,0,1
May,0,0,0,0,0,1,0,1,1
May,0,0,0,0,0,2,0,0,1
May,0,1,0,0,1,2,1,0,1
May,0,0,0,0,0,1,0,0,1
May,0,0,0,0,0,1,0,0,1
May,0,1,0,1,1,2,0,0,1
May,0,0,0,0,0,1,1,0,1
May,0,0,0,0,0,1,0,0,1
May,0,0,0,0,0,1,0,0,1
May,0,0,0,0,0,1,0,0,1
May,0,0,0,0,0,1,0,0,1
May,0,1,0,0,2,0,0,2,0
May,0,0,0,0,1,0,1,0,0
May,0,0,0,0,1,0,0,0,0
May,0,0,0,0,1,0,0,1,0
May,0,0,0,0,1,1,0,0,0
May,0,1,0,1,3,1,0,3,0
May,0,2,0,1,3,0,2,3,0
May,0,0,0,0,1,0,0,0,0
May,0,0,0,0,2,0,0,2,0
May,0,0,0,0,1,1,0,0,0
May,0,0,0,0,1,0,0,1,0
May,0,0,0,0,2,0,0,1,0
May,0,0,0,0,2,0,0,1,0
May,0,0,0,0,2,0,0,1,0
May,0,0,0,0,1,1,0,0,0
May,0,0,0,0,1,0,0,1,0
May,0,0,0,0,1,1,0,0,0
May,0,0,0,0,1,0,0,1,0
May,0,0,0,0,1,0,0,1,0
May,0,4,0,0,7,0,1,6,0
May,0,0,0,0,1,0,0,1,0
May,0,1,0,0,2,0,1,2,0
May,1,1,0,0,2,0,0,1,0
May,0,0,0,0,1,0,1,1,0
May,0,0,0,0,1,1,1,0,0
May,0,0,0,0,1,0,0,1,0
May,0,1,0,0,2,0,0,2,0
May,1,1,0,1,2,0,1,0,0
May,0,0,0,0,2,0,0,1,0
May,0,0,0,0,1,0,0,0,0
May,0,4,0,1,5,0,1,4,0
May,0,0,0,0,1,0,0,1,0
May,0,1,0,0,3,0,0,2,0
May,0,1,0,0,2,0,0,2,0
May,0,0,0,0,1,0,0,0,0
May,0,1,0,0,3,0,0,3,0
May,0,0,0,0,1,1,0,1,0
May,0,0,0,0,1,1,0,0,0
May,0,0,0,0,1,0,0,1,0
May,0,0,0,0,1,1,0,0,0
May,0,1,0,1,6,1,0,1,0
May,0,0,0,0,1,0,0,0,0
May,0,0,0,0,2,1,0,1,0
May,0,0,0,0,2,1,0,1,0
May,0,0,0,0,1,0,0,1,0
May,0,0,0,0,1,0,0,1,0
May,0,0,0,0,1,0,0,1,0
May,1,3,0,0,4,0,3,1,0
May,0,3,0,0,4,0,0,2,0
May,0,0,0,0,2,0,0,0,0
May,0,0,0,0,2,0,0,1,0
May,0,0,0,0,1,0,0,1,0
May,0,1,0,0,4,0,2,2,0
May,0,1,0,0,2,0,0,2,0
May,0,2,0,1,3,1,0,3,0
May,0,0,0,0,1,0,0,0,0
May,0,0,0,0,1,0,0,1,0
May,0,0,0,0,1,0,0,1,0
May,0,1,0,1,4,0,0,0,0
May,0,0,0,0,1,0,0,0,0
May,0,0,1,1,2,1,1,2,0
May,0,0,0,0,1,0,0,1,0
May,0,0,0,0,1,0,0,0,0
May,0,1,0,0,2,1,1,0,0
May,0,0,0,0,1,0,0,0,0
May,0,0,0,0,1,0,0,1,0
May,0,0,0,0,1,0,0,1,0
May,0,0,0,0,1,0,0,1,0
May,0,0,0,0,1,0,0,1,0
May,0,0,0,0,1,0,0,1,0
May,0,0,0,0,1,0,0,1,0
May,0,1,0,0,3,0,0,2,0
May,0,0,0,0,1,0,0,1,0
May,0,0,0,0,1,0,0,1,0
May,0,0,0,0,1,0,0,1,0
May,0,0,0,0,1,0,0,1,0
May,0,0,0,0,1,0,0,1,0
May,0,0,0,0,1,0,0,1,0
May,0,0,0,0,1,0,0,1,0
May,0,0,0,0,1,0,0,1,0
May,0,0,0,0,1,0,0,1,0
May,0,0,0,0,1,0,0,1,0
May,1,0,0,0,3,1,0,1,0
May,0,2,0,0,3,0,0,3,0
May,0,1,0,1,2,0,1,1,0
May,0,2,0,0,3,0,0,2,0
May,0,0,0,0,1,1,0,0,0
May,0,0,0,0,1,0,0,1,0
May,0,1,0,0,2,0,1,1,0
May,0,1,0,0,2,0,1,2,0
May,0,1,0,0,2,0,0,1,0
May,0,4,0,0,5,0,3,4,0
May,0,0,0,0,1,0,0,1,0
May,0,0,0,1,2,0,0,1,0
May,0,0,0,0,1,0,0,1,0
May,0,0,0,0,1,0,1,1,0
May,0,0,0,0,1,0,0,1,0
May,0,0,0,0,1,0,0,1,0
May,0,0,0,0,1,0,0,0,0
May,0,0,0,0,1,0,0,1,0
May,0,0,0,0,1,1,0,0,0
May,0,0,0,0,1,0,0,1,0
May,0,1,0,0,5,0,2,2,0
May,0,0,0,0,1,0,0,1,0
May,0,2,0,0,3,0,0,0,0
May,0,0,0,0,1,0,0,1,0
May,0,0,0,0,1,0,0,1,0
May,0,0,0,0,1,0,0,1,0
May,0,0,0,0,1,0,0,1,0
May,0,1,0,0,2,0,1,0,0
May,0,1,0,0,2,0,0,2,0
May,0,0,0,0,1,0,0,1,0
May,0,0,0,0,1,0,0,1,0
May,0,1,0,0,2,0,0,2,0
May,0,0,0,0,2,0,0,1,0
May,0,1,0,1,2,0,0,0,0
May,0,0,0,0,1,0,0,1,0
May,0,1,0,0,2,0,0,0,0
May,0,0,0,0,1,1,0,1,0
May,0,3,0,0,4,0,0,4,0
May,0,0,0,0,1,0,0,0,0
May,0,0,0,0,1,0,0,1,0
May,0,0,0,0,1,0,0,1,0
May,0,0,0,0,1,0,0,1,0
May,0,2,1,0,3,0,1,3,0
May,0,1,0,0,4,0,1,1,0
May,0,1,0,0,4,0,0,2,0
May,0,0,0,0,1,0,0,0,0
May,0,0,0,0,1,0,0,0,0
May,0,0,0,0,1,0,1,1,0
May,0,0,0,0,2,0,1,1,0
May,0,0,0,0,1,0,0,0,0
May,0,0,0,0,1,1,0,0,0
May,0,2,0,2,3,0,2,2,0
May,0,0,0,0,1,0,0,1,0
May,0,0,0,0,1,1,0,0,0
May,0,0,0,0,1,0,1,1,0
May,0,0,0,0,1,0,0,0,0
May,1,1,0,0,2,0,1,2,0
May,0,1,0,0,2,0,1,1,0
May,0,1,0,1,2,0,0,1,0
May,0,0,0,0,2,0,0,2,0
May,0,0,0,0,3,1,0,2,0
May,0,1,0,0,2,0,1,1,0
May,0,0,0,0,2,0,1,2,0
May,0,0,0,0,1,0,0,1,0
May,0,2,0,0,3,0,1,3,0
May,0,1,0,0,2,0,1,2,0
May,0,0,0,0,1,0,1,0,0
May,0,0,0,0,2,0,0,1,0
May,0,0,0,0,1,0,0,0,0
May,0,1,0,0,3,1,1,1,0
May,0,0,0,0,1,0,0,0,0
May,0,1,0,0,3,1,1,1,0
May,0,0,0,0,1,0,0,1,0
May,0,0,0,0,2,0,0,0,0
May,0,0,0,0,1,0,0,1,0
May,1,2,1,1,3,1,0,2,0
May,0,0,0,0,1,0,0,1,0
May,0,0,0,0,1,1,0,1,0
May,0,1,0,0,3,0,0,1,0
May,0,0,0,0,1,0,0,1,0
May,0,0,0,0,1,0,0,1,0
May,0,0,0,0,2,2,0,0,0
May,0,1,0,0,2,0,0,1,0
May,0,2,0,0,4,0,1,2,0
May,0,2,0,1,4,0,0,4,0
May,0,3,0,0,4,0,0,2,0
May,0,0,0,0,1,0,0,0,0
May,0,1,0,0,2,1,1,2,0
May,0,0,0,0,2,0,0,1,0
May,0,0,0,0,1,0,0,1,0
May,0,0,0,0,1,0,0,1,0
May,0,2,1,0,3,0,1,3,0
May,1,1,0,1,2,0,0,1,0
May,0,1,0,0,2,0,0,2,0
May,0,1,0,0,2,0,1,0,0
May,0,0,0,0,1,0,0,1,0
May,0,3,0,0,4,0,2,2,0
May,0,0,0,0,1,0,0,0,0
May,0,0,0,0,1,0,0,1,0
May,0,0,0,0,1,0,0,1,0
May,0,0,0,0,1,0,0,1,0
May,0,0,0,0,1,0,0,1,0
May,0,0,0,0,1,0,0,1,0
May,0,1,0,1,4,0,0,2,0
May,0,0,0,0,2,0,0,0,0
May,0,0,0,0,1,0,0,1,0
May,0,0,0,0,1,0,0,0,0
May,0,0,0,0,1,0,1,1,0
May,0,2,0,1,3,0,0,2,0
May,0,0,0,0,1,0,0,1,0
May,0,0,0,0,1,0,0,1,0
May,0,1,0,0,2,1,0,2,0
May,0,0,0,0,1,0,0,0,0
May,0,0,0,0,1,0,0,1,0
May,0,0,0,0,1,0,0,1,0
May,0,0,0,0,1,0,0,1,0
May,0,0,0,0,1,0,0,1,0
May,0,2,0,0,3,0,0,1,0
May,0,0,0,0,1,0,0,0,0
May,0,0,0,0,1,0,0,0,0
May,0,0,0,0,1,1,0,0,0
May,0,0,0,0,1,0,0,0,0
May,0,0,0,0,1,1,0,0,0
May,0,0,0,0,1,0,0,0,0
May,0,0,0,0,2,0,0,0,0
May,0,0,0,0,1,0,0,1,0
May,0,0,0,0,1,0,0,0,0
May,1,2,0,0,3,1,0,2,0
May,0,4,0,0,5,0,1,4,0
May,0,3,0,0,4,1,0,3,0
May,0,0,0,0,1,0,0,1,0
May,0,0,0,0,1,0,0,0,0
May,0,0,0,0,1,1,0,0,0
May,0,0,0,0,2,0,0,1,0
May,0,0,0,0,1,1,0,0,0
May,0,0,0,0,1,0,0,0,0
May,0,1,0,0,3,0,1,2,0
May,0,0,0,0,1,0,0,1,0
May,0,0,0,0,2,0,1,1,0
May,0,0,0,0,1,0,0,1,0
May,0,0,0,0,1,0,0,1,0
May,1,3,1,1,5,1,2,5,0
May,0,0,0,0,1,0,0,1,0
May,0,0,0,0,1,0,0,1,0
May,0,0,0,0,1,0,1,1,0
May,0,1,0,0,2,0,1,2,0
May,0,0,0,0,2,2,0,0,0
May,0,0,0,0,1,0,0,1,0
May,0,0,0,0,1,1,0,0,0
May,0,3,0,0,4,0,0,3,0
May,0,0,0,0,2,0,0,2,0
May,0,1,0,0,2,2,1,0,0
May,0,1,0,0,2,0,1,1,0
May,0,0,0,0,1,0,0,0,0
May,0,0,0,0,1,0,0,1,0
May,0,2,0,0,3,2,1,1,0
May,0,0,0,0,2,1,0,0,0
May,0,0,0,0,1,0,0,0,0
May,0,0,0,0,1,0,0,1,0
May,0,5,0,0,8,1,2,5,0
May,0,0,0,0,1,0,1,1,0
May,0,3,0,0,4,0,2,2,0
May,0,0,0,0,1,0,0,0,0
May,0,1,0,0,2,0,1,2,0
May,0,0,0,0,1,0,1,1,0
May,0,2,0,0,5,0,2,2,0
May,0,0,0,0,1,0,0,1,0
May,0,0,0,0,1,0,0,1,0
May,0,0,0,0,1,0,0,1,0
May,0,1,0,0,2,0,1,2,0
May,0,1,0,0,2,0,1,1,0
May,0,0,0,0,1,0,0,1,0
May,0,0,0,0,1,1,0,1,0
May,0,1,0,0,4,0,1,3,0
May,0,3,0,0,4,0,0,2,0
May,0,2,0,0,3,0,0,3,0
May,0,0,0,0,1,0,0,1,0
May,0,0,0,0,1,1,0,0,0
May,0,1,1,1,2,0,1,1,0
May,0,2,0,0,3,0,0,1,0
May,0,0,0,0,1,0,0,1,0
May,0,1,0,1,2,0,0,0,0
May,0,1,0,0,2,0,1,2,0
May,0,1,0,0,3,1,0,1,0
May,0,0,0,0,1,0,0,1,0
May,0,0,0,0,2,0,0,0,0
May,0,0,0,0,1,0,0,0,0
May,0,0,0,0,1,0,0,1,0
May,1,1,0,0,2,0,1,2,0
May,0,0,0,0,1,0,1,1,0
May,0,2,0,1,6,1,1,2,0
May,0,1,0,0,2,0,1,1,0
May,0,1,0,0,2,0,1,0,0
May,0,0,0,0,1,0,0,1,0
May,0,1,0,1,5,0,0,2,0
May,0,2,2,2,3,0,0,0,0
May,1,3,1,2,4,2,2,4,0
May,0,0,0,0,1,1,0,1,0
May,0,1,0,0,2,0,1,0,0
May,0,0,0,0,1,0,0,1,0
May,0,0,0,0,1,0,1,0,0
May,0,0,0,0,1,0,0,1,0
May,0,0,0,0,1,0,0,1,0
May,0,0,0,0,1,0,0,1,0
May,0,0,0,0,1,0,0,1,0
May,0,1,0,0,4,0,1,1,0
May,0,0,0,0,1,0,0,0,0
May,0,0,0,0,1,1,0,1,0
May,0,0,0,0,1,0,1,0,0
May,0,0,0,0,1,0,0,0,0
May,0,0,0,0,1,0,1,0,0
May,0,0,0,0,1,0,0,0,0
May,0,0,0,0,1,0,0,0,0
May,0,1,0,0,2,0,1,2,0
May,0,0,0,0,1,0,0,1,0
May,0,1,0,0,2,0,1,2,0
May,0,0,0,0,1,0,0,1,0
May,0,0,0,0,1,1,0,1,0
May,0,0,0,0,1,1,0,1,0
May,0,0,0,0,1,0,0,0,0
May,0,0,0,0,1,0,0,1,0
May,1,1,0,0,2,0,1,2,0
May,0,1,0,0,2,0,1,2,0
May,0,2,0,0,4,0,1,0,0
May,0,0,0,0,1,1,0,0,0
May,0,0,1,1,2,1,0,2,0
May,0,0,0,0,1,0,0,0,0
May,0,1,0,1,2,0,0,2,0
May,0,2,0,0,3,0,1,3,0
May,0,0,0,0,1,0,0,0,0
May,0,0,0,0,1,0,0,0,0
May,0,0,0,0,1,1,0,1,0
May,0,0,0,0,1,0,0,1,0
May,0,2,0,0,4,0,0,4,0
May,0,3,0,0,5,2,2,3,0
May,0,1,0,0,3,1,2,1,0
May,0,1,0,0,2,0,0,1,0
May,0,0,0,0,1,0,0,1,0
May,0,1,0,1,2,0,0,2,0
May,0,2,0,0,3,0,1,3,0
May,0,1,0,0,2,0,0,1,0
May,0,3,0,0,5,0,0,2,0
May,0,1,0,0,2,1,2,1,0
May,0,0,0,1,2,1,0,0,0
May,0,2,0,0,3,0,3,3,0
May,0,0,0,0,1,0,0,1,0
May,0,0,0,0,2,0,0,1,0
May,0,0,0,0,1,0,0,0,0
May,0,1,0,1,2,0,0,2,0
May,0,2,0,0,4,0,2,3,0
May,1,1,0,1,3,0,0,0,0
May,0,0,0,0,1,1,0,0,0
May,0,0,0,0,1,0,0,0,0
May,0,1,0,0,2,0,0,0,0
May,0,0,0,0,2,2,0,0,0
May,0,0,0,0,1,0,0,0,0
May,0,0,0,0,1,0,0,1,0
May,0,0,0,0,1,0,0,1,0
May,0,0,0,0,1,0,1,1,0
May,1,1,1,1,2,2,0,2,0
May,0,1,0,0,2,0,0,2,0
May,0,0,0,0,2,0,0,2,0
May,1,0,0,0,3,0,0,2,0
May,0,0,0,0,1,0,0,1,0
May,1,0,0,0,3,0,0,2,0
May,1,0,0,0,3,0,0,2,0
May,0,0,0,0,1,0,0,1,0
May,1,0,0,0,3,0,0,2,0
May,0,1,0,0,3,0,1,2,0
May,0,2,0,0,4,2,1,2,0
May,0,2,0,0,4,2,1,2,0
May,0,0,0,0,1,0,1,0,0
May,0,2,0,0,4,2,1,2,0
May,1,2,0,0,3,2,0,0,0
May,0,0,0,0,1,0,1,1,0
May,0,0,0,0,2,0,1,0,0
May,0,2,0,0,3,0,1,1,0
May,0,0,0,0,1,1,0,1,0
May,0,0,0,0,2,1,0,0,0
May,0,0,0,1,2,1,0,2,0
May,0,1,0,0,2,0,1,1,0
May,0,1,0,1,2,0,0,0,0
May,0,0,0,0,1,0,0,0,0
May,1,1,1,1,2,2,2,1,0
May,0,0,0,0,1,0,0,1,0
May,0,0,0,0,1,0,0,1,0
May,1,1,1,1,2,1,0,1,0
May,0,1,0,0,2,0,1,1,0
May,0,0,0,0,2,0,0,1,0
May,0,0,0,0,1,0,0,1,0
May,0,0,0,0,1,0,0,1,0
May,0,0,0,0,1,0,0,1,0
May,0,0,0,0,1,0,0,1,0
May,0,0,0,0,2,0,0,2,0
May,0,0,0,0,1,1,0,0,0
May,0,0,0,0,1,0,0,0,0
May,0,0,0,0,1,0,0,0,0
May,0,0,0,0,1,0,0,1,0
May,0,1,0,0,2,0,0,1,0
May,0,0,0,0,1,0,0,1,0
May,0,0,0,0,1,0,0,1,0
May,0,0,0,0,1,1,0,0,0
May,0,0,0,0,1,0,0,1,0
May,0,0,0,0,1,0,0,1,0
May,0,1,0,0,2,1,0,2,0
May,0,0,0,0,1,0,0,0,0
May,0,1,1,1,2,1,0,2,0
May,0,0,0,0,1,1,0,0,0
May,0,0,0,0,1,0,0,0,0
May,0,3,0,0,4,0,1,3,0
May,0,1,0,0,2,0,0,2,0
May,0,2,0,0,3,1,2,1,0
May,1,1,1,1,2,1,0,1,0
May,0,1,0,1,4,1,1,3,0
May,0,0,0,0,2,2,0,0,0
May,0,0,0,0,1,0,0,1,0
May,0,0,0,0,1,0,0,1,0
May,0,0,0,0,2,0,0,0,0
May,0,1,0,0,2,1,1,1,0
May,0,0,0,0,1,0,0,1,0
May,0,0,0,0,1,1,0,0,0
May,1,1,1,1,2,1,0,1,0
May,0,0,0,0,1,0,0,1,0
May,0,0,0,0,1,1,0,0,0
May,0,0,0,0,1,0,0,0,0
May,0,0,0,0,1,0,0,0,0
May,0,0,0,0,1,0,0,1,0
May,0,1,0,0,2,0,0,1,0
May,0,0,0,0,1,0,0,1,0
May,0,2,0,0,5,0,0,4,0
May,0,0,0,0,2,2,0,1,0
May,0,0,0,0,1,0,0,1,0
May,0,1,0,0,4,0,1,3,0
May,0,1,0,0,2,0,1,2,0
May,0,0,0,0,2,1,0,1,0
May,0,0,0,0,1,1,0,0,0
May,1,1,1,1,2,1,0,1,0
May,0,0,0,0,1,0,0,1,0
May,0,3,0,1,4,0,0,4,0
May,0,1,0,0,2,0,0,0,0
May,0,1,0,0,2,0,0,2,0
May,0,0,0,0,1,1,0,0,0
May,0,1,0,1,4,2,1,2,0
May,0,0,0,0,1,1,0,0,0
May,1,1,1,1,2,1,0,1,0
May,0,0,0,0,1,0,0,0,0
May,0,0,0,0,3,0,0,1,0
May,0,1,0,0,2,2,1,2,0
May,1,2,1,1,3,1,2,2,0
May,0,0,0,0,1,0,1,0,0
May,0,0,0,0,1,0,0,1,0
May,0,0,0,0,2,0,0,1,0
May,0,0,0,0,1,1,0,1,0
May,0,1,0,0,2,0,2,2,0
May,0,0,0,0,1,0,0,0,0
May,0,4,0,0,7,1,4,4,0
May,0,0,0,0,1,0,0,1,0
May,0,1,0,0,2,0,1,2,0
May,0,0,0,0,1,0,0,1,0
May,0,0,0,0,2,1,0,2,0
May,0,0,0,0,1,1,0,0,0
May,0,1,0,0,2,0,1,1,0
May,0,0,0,0,2,0,0,0,0
May,0,1,0,0,2,0,0,1,0
May,0,0,0,0,1,0,0,0,0
May,0,0,0,0,1,0,0,1,0
May,0,0,0,0,1,0,0,1,0
May,0,2,0,0,3,0,1,2,0
May,1,2,0,0,3,0,2,1,0
May,0,0,0,0,1,0,0,0,0
May,0,0,0,0,1,0,0,1,0
May,0,1,0,0,2,0,1,0,0
May,0,0,0,1,0,1,0,1,1
May,1,1,1,2,1,1,1,2,1
May,0,0,0,1,1,0,0,0,1
May,0,0,0,4,0,4,0,0,1
May,0,0,0,2,0,2,0,2,1
May,0,1,0,2,0,2,0,0,1
May,1,1,1,3,0,3,1,0,1
May,0,0,0,1,0,0,0,0,1
May,1,0,0,2,0,2,0,0,1
May,1,1,1,2,0,1,1,1,1
May,0,0,0,1,0,0,0,0,1
May,0,0,0,2,0,1,0,1,1
May,0,0,0,1,0,0,0,0,1
May,1,1,0,3,1,1,0,0,1
May,0,0,0,1,0,1,0,0,1
May,0,1,0,3,0,0,0,1,1
May,1,1,0,3,2,1,1,2,1
May,1,0,1,2,0,0,1,0,1
May,0,0,0,2,0,1,1,1,1
May,0,0,0,1,0,1,0,0,1
May,0,0,0,1,1,0,0,1,1
May,0,0,1,2,0,0,0,0,1
May,0,0,0,1,0,0,0,0,1
May,0,0,0,2,1,1,0,1,1
May,1,1,1,2,0,1,1,1,1
May,0,0,0,1,0,0,0,0,1
May,0,0,0,1,1,0,0,1,1
May,1,1,1,2,1,1,1,1,1
May,0,0,0,1,0,0,0,0,1
May,0,0,0,1,0,0,0,0,1
May,0,0,0,2,0,2,0,0,1
May,0,0,0,1,0,1,0,0,1
May,0,0,0,1,1,0,0,1,1
May,3,0,1,7,2,7,2,2,1
May,0,0,1,4,0,1,0,0,1
May,0,0,1,4,0,1,0,1,1
May,1,1,0,2,1,0,0,1,1
May,1,1,0,2,1,0,0,1,1
May,0,0,0,2,0,0,0,1,1
May,0,1,0,2,1,1,0,1,1
May,1,0,0,4,1,4,0,0,1
May,0,0,0,1,0,1,0,0,1
May,0,0,0,1,0,0,0,0,1
May,0,0,0,1,0,1,0,0,1
May,0,0,0,1,0,1,0,0,1
May,0,0,0,1,1,0,0,1,1
May,1,1,0,2,0,0,0,0,1
May,1,1,1,4,1,4,2,0,1
May,0,0,0,1,0,0,0,0,1
May,0,0,0,3,0,1,0,2,1
May,0,0,0,1,0,1,0,0,1
May,1,0,0,2,0,1,0,0,1
May,0,0,0,1,0,1,0,0,1
May,0,0,0,2,0,2,0,0,1
May,0,0,0,2,0,2,0,0,1
May,0,0,0,1,0,1,0,0,1
May,0,2,3,4,0,2,0,2,1
May,0,0,0,1,0,1,0,1,1
May,2,1,1,3,0,2,0,2,1
May,2,0,2,3,0,2,0,0,1
May,1,0,0,2,1,2,1,0,1
May,0,0,0,1,0,1,0,0,1
May,2,1,2,3,1,3,0,1,1
May,0,0,0,1,0,0,0,1,1
May,2,1,0,3,2,3,0,1,1
May,0,0,0,1,0,1,0,0,1
May,1,1,0,2,1,1,1,2,1
May,0,0,0,1,1,1,0,0,1
May,2,1,0,3,0,1,1,1,1
May,0,0,0,1,0,1,0,0,1
May,0,0,0,1,0,0,0,0,1
May,0,0,0,2,0,2,0,0,1
May,0,0,0,1,0,0,0,0,1
May,0,0,0,1,0,0,0,0,1
May,0,0,0,1,0,0,0,0,1
May,0,1,1,2,1,2,0,1,1
May,0,0,0,2,0,1,0,0,1
May,0,0,0,1,0,1,0,0,1
May,0,0,0,1,0,1,0,0,1
May,0,0,0,2,0,2,0,0,1
May,0,0,0,1,0,1,0,0,1
May,0,0,0,1,0,0,0,0,1
May,0,0,0,1,1,0,1,1,1
May,0,0,0,1,0,0,0,0,1
May,1,0,0,2,0,1,0,0,1
May,0,0,0,1,0,0,0,0,1
May,0,0,0,1,0,1,1,0,1
May,0,0,0,1,0,1,0,1,1
May,0,0,0,1,0,0,0,0,1
May,0,0,0,1,0,0,0,0,1
May,0,0,0,1,0,1,0,0,1
May,0,0,0,1,0,1,0,0,1
May,0,0,0,1,0,1,0,0,1
May,0,0,0,1,1,0,0,1,1
May,1,1,0,3,1,1,0,0,1
May,1,1,0,3,1,1,0,0,1
May,0,0,0,1,0,1,0,0,1
May,1,1,0,2,0,0,0,0,1
May,0,0,0,1,0,0,0,1,1
May,0,1,0,2,0,1,0,0,1
May,2,1,1,3,0,3,0,0,1
May,0,0,0,1,0,0,0,0,1
May,0,1,0,2,0,0,1,2,1
May,0,0,0,1,0,1,0,1,1
May,0,0,0,1,1,0,0,1,1
May,0,0,0,2,1,0,0,1,1
May,0,2,0,3,0,0,0,0,1
May,0,0,0,1,0,0,0,1,1
May,0,0,0,1,0,1,0,0,1
May,0,0,0,1,0,0,0,1,1
May,0,0,0,1,0,0,0,0,1
May,0,0,0,1,0,1,1,0,1
May,0,0,0,2,0,0,0,1,1
May,0,0,0,1,0,1,0,0,1
May,0,0,0,1,0,0,0,0,1
May,2,1,2,5,0,2,1,2,1
May,1,1,1,2,0,2,0,0,1
May,2,2,0,3,0,1,0,0,1
May,0,0,0,1,0,0,0,0,1
May,0,0,0,2,0,1,0,0,1
May,0,0,0,1,0,0,0,0,1
May,0,0,0,2,0,1,0,0,1
May,0,0,0,2,0,1,0,0,1
May,0,0,0,1,0,1,0,0,1
May,0,0,1,2,1,0,0,1,1
May,1,1,0,2,1,1,0,1,1
May,1,1,1,2,0,1,0,0,1
May,2,2,2,3,0,2,0,0,1
May,0,0,0,1,0,0,0,0,1
May,1,1,0,2,1,2,1,0,1
May,1,0,1,2,0,1,1,0,1
May,0,0,0,1,0,0,0,1,1
May,0,0,0,1,0,1,0,0,1
May,0,0,0,1,0,1,0,0,1
May,2,0,2,3,0,2,0,2,1
May,2,1,1,4,1,1,1,1,1
May,1,0,0,2,0,0,2,2,1
May,0,0,1,2,0,1,0,0,1
May,0,0,0,2,0,1,0,0,1
May,0,0,0,1,0,0,0,0,1
May,0,0,0,1,0,1,0,0,1
May,0,0,0,2,0,1,0,0,1
May,1,1,0,2,1,1,0,1,1
May,0,0,0,1,1,1,0,1,1
May,0,0,0,1,0,1,0,0,1
May,1,1,1,2,0,0,1,0,1
May,0,0,0,1,0,1,0,0,1
May,0,0,0,1,0,0,0,1,1
May,0,0,0,1,0,0,0,0,1
May,0,0,0,1,0,0,0,0,1
May,0,0,0,1,0,1,0,0,1
May,0,0,0,1,0,1,0,0,1
May,1,0,0,2,0,0,0,0,1
May,0,0,0,3,0,1,0,2,1
May,0,0,0,2,0,2,0,0,1
May,0,0,0,3,0,1,0,2,1
May,0,0,0,1,0,0,0,0,1
May,0,0,0,2,2,0,0,2,1
May,0,0,0,1,0,0,0,0,1
May,1,1,0,2,0,0,0,0,1
May,0,1,0,2,1,2,0,2,1
May,0,1,0,2,0,0,0,1,1
May,0,1,0,2,0,0,0,1,1
May,0,1,0,2,0,0,0,1,1
May,0,1,0,2,0,0,0,1,1
May,0,0,0,1,0,0,0,0,1
May,0,0,0,2,0,2,0,0,1
May,1,1,1,3,0,3,1,0,1
May,0,0,0,1,0,0,0,0,1
May,0,0,0,1,0,0,0,0,1
May,0,1,0,2,2,0,0,1,1
May,0,0,0,1,1,0,0,0,1
May,0,0,0,1,0,1,0,0,1
May,0,0,0,4,0,4,0,0,1
May,0,0,0,1,0,0,0,0,1
May,0,0,0,1,0,0,0,0,1
May,0,0,0,2,0,2,0,0,1
May,0,1,0,2,0,2,0,0,1
May,0,1,0,2,0,2,0,0,1
May,0,0,0,1,0,1,0,0,1
May,0,0,0,1,0,1,0,0,1
May,1,1,1,2,2,2,0,1,1
May,0,0,0,1,0,0,0,0,1
May,0,0,0,1,0,0,0,1,1
May,0,0,0,1,0,1,0,0,1
May,1,1,0,2,1,2,1,1,1
May,0,0,0,1,1,1,1,1,1
May,0,0,3,0,0,3,0,1,1
May,0,1,2,0,0,1,0,0,1
May,0,0,1,1,0,0,0,1,1
May,0,0,1,0,0,1,0,0,1
May,2,1,3,0,0,1,0,0,1
May,0,0,1,0,0,1,0,0,1
May,0,0,1,1,0,0,0,0,1
May,1,0,2,1,1,1,2,1,1
May,0,0,2,0,1,0,0,0,1
May,1,1,2,2,1,1,0,1,1
May,1,1,2,2,1,1,0,1,1
May,0,0,1,0,0,0,0,1,1
May,0,0,1,0,1,0,0,0,1
May,0,0,1,0,1,1,0,0,1
May,0,0,1,0,0,0,0,0,1
May,0,0,1,0,0,0,0,0,1
May,0,0,1,0,0,0,0,0,1
May,0,0,1,0,0,0,0,0,1
May,0,0,2,0,0,1,0,0,1
May,0,0,1,0,0,1,0,1,1
May,0,0,1,0,1,0,0,0,1
May,0,0,1,0,0,0,0,0,1
May,0,0,1,0,0,1,1,0,1
May,1,0,3,0,0,0,0,0,1
May,0,0,1,0,0,0,0,0,1
May,0,0,1,0,0,0,0,0,1
May,0,0,1,0,0,0,0,1,1
May,0,0,1,0,0,0,0,1,1
May,0,0,1,0,0,0,0,0,1
May,0,0,1,0,0,0,0,1,1
May,0,0,1,0,1,0,0,0,1
May,0,0,1,0,0,0,1,0,1
May,0,0,1,0,0,0,0,0,1
May,0,0,1,0,1,0,0,0,1
May,0,0,1,1,0,0,0,0,1
May,1,1,2,2,1,1,1,0,1
May,0,0,1,1,0,0,0,0,1
May,0,0,1,1,0,0,0,0,1
May,0,0,1,1,0,0,0,0,1
May,0,0,1,1,0,0,0,0,1
May,0,0,1,1,0,0,0,0,1
May,0,0,1,1,0,0,0,0,1
May,0,0,2,2,0,0,0,0,1
May,0,0,1,1,0,0,0,0,1
May,0,0,2,2,0,0,0,0,1
May,0,0,2,1,0,0,0,1,1
May,0,0,1,0,0,0,0,0,1
May,0,0,1,0,0,0,0,1,1
May,0,0,1,0,0,0,1,1,1
May,0,0,1,0,0,0,0,1,1
May,0,0,1,0,0,0,0,0,1
May,0,0,1,0,0,0,0,1,1
May,1,0,2,1,0,2,0,0,1
May,0,0,1,1,0,1,0,0,1
May,0,0,2,0,0,2,0,0,1
May,0,1,2,0,1,1,1,1,1
May,1,1,2,2,1,1,1,0,1
May,1,1,2,2,1,1,1,0,1
May,0,0,1,0,0,0,0,0,1
May,0,0,1,1,0,0,0,0,1
May,0,0,1,0,0,0,0,1,1
May,0,0,1,1,0,1,0,0,1
May,0,0,1,1,0,0,1,0,1
May,0,0,1,0,0,1,0,0,1
May,0,0,1,0,1,0,0,1,1
May,1,0,2,2,0,1,0,0,1
May,0,0,1,0,0,0,0,1,1
May,0,0,1,0,0,0,0,0,1
May,0,0,1,1,0,0,0,0,1
May,0,0,1,0,0,0,0,0,1
May,1,1,2,1,1,1,1,1,1
May,0,0,1,1,0,1,0,0,1
May,0,0,1,1,0,0,0,0,1
May,0,1,2,0,0,1,0,0,1
May,0,1,2,0,0,1,0,0,1
May,0,0,1,0,1,0,0,0,1
May,0,0,1,0,0,0,0,0,1
May,0,0,1,0,0,0,0,0,1
May,0,0,1,1,0,0,0,0,1
May,0,0,1,0,0,0,0,1,1
May,2,1,3,3,0,3,2,0,1
May,0,0,1,0,0,0,1,1,1
May,3,3,4,3,3,3,3,3,1
May,1,0,2,1,0,1,0,1,1
May,1,1,2,1,2,1,1,2,1
May,0,0,1,0,0,0,0,0,1
May,0,0,1,0,0,0,0,0,1
May,0,0,1,1,0,0,0,0,1
May,1,0,1,0,0,1,0,1,1
May,1,0,0,1,0,0,0,0,1
May,1,1,0,1,0,0,0,0,1
May,1,0,0,1,0,1,0,0,1
May,1,0,1,1,0,0,0,0,1
May,1,0,0,1,0,1,0,0,1
May,1,0,0,0,0,0,0,0,1
May,1,0,0,0,0,0,0,1,1
May,1,1,0,1,1,1,0,1,1
May,2,0,1,0,1,1,0,1,1
May,1,0,1,0,0,0,0,0,1
May,2,0,0,2,0,1,0,0,1
May,1,1,1,1,0,1,1,0,1
May,1,0,0,1,0,0,0,0,1
May,1,0,0,0,0,0,0,0,1
May,1,0,1,0,1,0,0,1,1
May,1,0,0,1,0,1,0,0,1
May,1,0,1,1,0,1,1,0,1
May,1,0,1,1,1,0,0,0,1
May,1,0,0,0,0,0,0,0,1
May,1,0,0,1,1,0,0,0,1
May,2,0,0,2,0,0,0,0,1
May,1,0,0,0,0,1,0,0,1
May,1,0,1,0,0,1,0,0,1
May,2,0,2,2,0,2,0,0,1
May,1,0,0,0,0,0,1,0,1
May,3,0,1,3,0,1,1,0,1
May,1,0,0,0,1,0,0,0,1
May,1,1,0,1,0,0,0,0,1
May,1,1,0,1,0,0,0,0,1
May,3,2,2,2,1,1,1,1,1
May,1,0,0,1,0,0,0,0,1
May,1,0,1,1,0,1,0,0,1
May,1,0,1,1,0,1,0,0,1
May,1,0,1,1,0,0,0,0,1
May,1,0,1,1,0,0,0,0,1
May,1,0,1,1,0,0,0,0,1
May,2,2,0,0,2,1,2,1,1
May,1,1,0,0,1,1,1,1,1
May,2,1,0,2,0,2,2,0,1
May,1,1,0,1,0,0,1,0,1
May,1,0,0,0,0,0,0,0,1
May,1,0,1,1,0,1,0,0,1
May,2,0,0,1,0,0,0,0,1
May,1,1,1,1,1,0,0,1,1
May,1,1,0,0,0,0,1,0,1
May,2,2,0,1,2,0,1,2,1
May,3,1,0,0,1,0,1,1,1
May,1,1,1,1,1,1,1,0,1
May,1,0,1,1,0,0,0,0,1
May,1,1,0,0,1,1,0,0,1
May,1,0,0,0,0,0,0,0,1
May,1,0,0,0,0,0,0,0,1
May,1,0,0,0,0,0,0,0,1
May,1,1,1,1,1,1,1,1,1
May,1,1,1,1,1,1,0,1,1
May,2,0,2,2,0,2,2,1,1
May,1,1,1,1,0,1,0,1,1
May,1,1,1,1,0,1,0,1,1
May,1,1,0,0,1,0,1,1,1
May,1,0,0,1,0,0,0,0,1
May,1,0,0,1,0,0,0,0,1
May,1,1,1,0,1,0,0,1,1
May,2,1,0,2,1,0,0,1,1
May,1,0,0,1,0,1,1,0,1
May,1,0,1,1,0,0,0,0,1
May,1,0,0,0,0,0,0,0,1
May,3,0,3,0,0,0,0,0,1
May,1,1,1,1,0,1,0,1,1
May,1,1,1,1,0,1,1,0,1
May,1,1,1,0,1,0,1,1,1
May,1,1,0,0,1,1,1,1,1
May,1,0,0,1,0,0,1,0,1
May,1,1,1,1,0,1,1,0,1
May,3,3,1,2,3,3,2,3,1
May,1,0,0,1,0,0,1,0,1
May,1,0,1,0,0,1,0,1,1
May,2,2,1,1,0,2,1,1,1
May,1,0,0,1,0,0,0,0,1
May,3,3,0,0,0,0,0,0,1
May,3,3,0,0,0,0,0,0,1
May,1,0,1,0,0,0,0,0,1
May,1,0,1,1,1,1,0,1,1
May,1,1,1,1,0,1,1,0,1
May,1,0,0,1,0,1,0,0,1
May,1,0,0,1,0,1,0,1,1
May,1,1,1,1,1,1,0,1,1
May,2,1,1,2,0,1,2,0,1
May,2,1,0,2,0,0,1,2,1
May,1,0,0,1,1,0,0,0,1
May,1,0,0,0,1,0,0,1,1
May,1,1,0,1,0,1,0,0,1
May,1,1,1,0,1,0,1,0,1
May,1,0,1,1,0,1,0,0,1
May,3,1,3,3,1,0,3,0,1
May,2,1,0,2,1,1,0,2,1
May,1,0,1,1,1,1,0,1,1
May,1,0,0,1,0,0,0,0,1
May,1,0,0,0,1,0,0,1,1
May,1,0,0,0,0,0,0,0,1
May,1,0,0,0,0,0,0,0,1
May,1,1,0,0,0,0,0,1,1
May,1,0,1,1,0,0,0,0,1
May,1,0,0,0,0,0,0,0,1
May,1,0,0,1,0,0,0,1,1
May,1,1,0,1,0,1,0,0,1
May,1,0,1,1,0,1,1,0,1
May,2,1,0,2,0,2,2,0,1
May,1,0,0,1,0,0,0,0,1
May,1,0,1,0,0,1,0,1,1
May,1,0,0,1,0,1,0,0,1
May,1,0,1,0,0,1,0,0,1
May,3,1,2,3,1,1,2,2,1
May,1,0,0,1,0,0,1,1,1
May,1,1,1,1,0,1,0,0,1
May,1,0,1,1,1,1,1,0,1
May,1,0,0,0,0,0,0,1,1
May,1,0,0,1,0,0,0,0,1
May,1,1,0,0,0,0,1,1,1
May,2,0,2,2,0,2,1,0,1
May,1,0,0,0,0,0,0,0,1
May,1,0,0,1,1,1,0,0,1
May,1,0,0,0,0,0,0,0,1
May,1,0,0,0,0,0,0,0,1
May,1,0,0,0,0,0,0,0,1
May,1,0,1,0,1,0,0,0,1
May,1,0,0,0,0,0,0,0,1
May,1,0,0,1,0,1,0,0,1
May,4,0,1,4,0,1,0,0,1
May,2,0,2,2,0,2,0,0,1
May,1,0,0,0,0,1,0,0,1
May,1,0,0,1,0,1,0,0,1
May,1,1,1,1,1,1,1,1,1
May,1,0,0,1,0,0,0,0,1
May,1,0,0,0,0,0,0,1,1
May,1,0,0,1,0,0,0,0,1
May,1,0,0,0,0,0,0,0,1
May,1,0,0,0,1,0,0,1,1
May,1,0,1,0,0,0,0,0,1
May,1,0,0,0,0,0,0,0,1
May,1,0,0,0,0,0,0,0,1
May,1,0,0,0,0,0,0,0,1
May,1,0,0,1,0,0,0,0,1
May,1,0,0,0,0,0,0,0,1
May,1,0,1,1,1,1,1,0,1
May,3,0,3,0,0,3,3,0,1
May,1,0,1,1,0,1,0,0,1
May,1,0,0,0,0,0,0,0,1
May,1,0,1,0,1,0,1,1,1
May,1,0,1,0,0,0,0,0,1
May,1,1,0,0,0,0,0,0,1
May,1,1,0,0,1,0,0,1,1
May,1,0,0,0,0,1,0,0,1
May,2,0,0,2,0,0,0,0,1
May,2,0,0,2,0,0,1,0,1
May,2,1,1,1,0,0,1,0,1
May,1,0,0,0,1,0,0,1,1
May,1,0,0,0,0,0,0,0,1
May,1,0,1,1,0,1,0,0,1
May,1,1,0,0,1,0,0,1,1
May,2,0,2,2,0,2,2,0,1
May,1,0,1,1,0,1,0,0,1
May,1,1,1,1,0,1,1,1,1
May,1,0,1,0,0,0,0,0,1
May,1,1,1,1,0,0,1,1,1
May,1,0,0,1,0,0,1,1,1
May,2,0,2,2,0,1,0,0,1
May,1,0,0,1,0,1,0,0,1
May,1,1,0,1,0,0,0,0,1
May,1,1,1,0,1,0,0,1,1
May,2,0,2,2,0,1,0,0,1
May,1,0,0,0,0,0,0,0,1
May,1,0,0,0,0,0,0,0,1
May,3,3,1,1,2,2,2,3,1
May,3,0,0,3,0,0,0,0,1
May,2,0,2,2,0,2,0,0,1
May,1,1,1,1,0,1,0,1,1
May,1,0,0,1,0,0,1,1,1
May,1,0,0,1,1,1,0,1,1
May,1,1,1,0,1,1,1,0,1
May,1,0,0,0,0,0,0,0,1
May,1,0,1,0,0,0,0,0,1
May,1,1,1,1,0,1,1,0,1
May,1,0,0,1,0,0,0,0,1
May,1,0,1,1,0,1,0,0,1
May,1,0,1,1,0,1,0,0,1
May,1,1,1,1,1,0,0,1,1
May,2,2,2,0,2,0,2,2,1
May,1,0,0,0,0,1,0,0,1
May,1,0,0,0,0,0,0,0,1
May,1,1,0,0,1,0,0,1,1
May,1,1,0,1,1,0,0,1,1
May,1,0,1,1,0,0,0,0,1
May,1,0,1,1,0,1,0,0,1
May,1,1,0,0,0,0,0,1,1
May,1,0,0,0,0,0,0,0,1
May,1,0,0,0,0,0,0,0,1
May,2,0,1,2,0,1,1,0,1
May,1,0,0,0,0,1,0,0,1
May,1,0,1,1,0,1,0,0,1
May,1,0,1,0,0,0,0,0,1
May,1,1,0,1,1,1,1,0,1
May,1,0,0,0,0,0,0,0,1
May,1,0,0,0,0,0,0,0,1
May,1,0,0,0,0,0,0,0,1
May,1,0,1,0,0,1,0,0,1
May,1,0,1,1,0,1,1,0,1
May,1,0,1,0,0,1,0,0,1
May,1,0,1,1,0,1,0,0,1
May,1,0,0,0,0,0,0,0,1
May,1,1,1,1,0,0,0,0,1
May,1,0,0,0,0,0,0,1,1
May,1,0,1,0,0,0,0,0,1
May,1,0,0,1,0,0,0,0,1
May,1,0,0,0,1,0,0,1,1
May,1,0,0,1,0,1,0,0,1
May,1,0,1,1,0,1,0,0,1
May,1,1,1,1,1,1,0,1,1
May,1,0,0,0,0,0,0,0,1
May,1,1,1,1,1,1,1,1,1
May,1,0,1,1,0,1,1,1,1
May,1,0,0,0,0,0,0,0,1
May,1,0,0,1,0,1,0,0,1
May,1,0,0,0,0,0,0,0,1
May,2,0,2,2,0,2,1,0,1
May,1,1,1,1,0,1,0,0,1
May,1,1,0,1,0,0,0,0,1
May,1,0,0,0,0,0,0,0,1
May,1,0,0,0,0,0,0,0,1
May,2,0,0,2,0,2,0,0,1
May,3,0,0,3,0,0,0,0,1
May,1,0,0,0,0,0,0,0,1
May,2,1,2,2,0,1,1,0,1
May,1,1,0,0,1,0,1,1,1
May,1,1,0,1,0,0,0,0,1
May,1,1,0,1,0,0,0,0,1
May,1,1,1,1,0,1,1,1,1
May,1,0,1,0,0,0,0,0,1
May,2,0,0,0,0,1,0,0,1
May,1,1,0,1,0,0,0,0,1
May,1,1,0,0,1,0,1,1,1
May,1,1,0,1,1,0,1,0,1
May,1,0,1,0,1,0,1,0,1
May,1,1,0,1,1,0,1,0,1
May,1,1,1,1,1,1,1,1,1
May,1,0,1,0,0,0,0,0,1
May,1,1,0,1,1,0,0,1,1
May,2,0,1,1,0,2,1,1,1
May,1,0,1,0,0,1,0,0,1
May,1,1,0,0,1,1,1,1,1
May,1,0,1,0,0,0,0,0,1
May,1,0,1,1,0,1,0,0,1
May,1,1,0,1,0,0,0,0,1
May,1,1,0,1,0,0,0,0,1
May,1,1,0,1,1,0,1,0,1
May,1,0,0,0,0,0,0,0,1
May,2,1,2,1,1,2,1,1,1
May,1,0,1,1,0,1,1,0,1
May,1,0,1,0,1,1,0,1,1
May,1,0,0,1,0,0,0,0,1
May,1,1,1,1,0,1,1,1,1
May,1,0,0,0,0,0,0,0,1
May,2,1,1,1,2,0,2,1,1
May,3,0,0,3,0,3,3,0,1
May,1,0,0,1,0,1,1,0,1
May,1,0,1,1,1,1,0,0,1
May,1,0,1,1,0,1,1,0,1
May,1,0,0,1,0,1,0,0,1
May,1,0,0,1,0,1,0,0,1
May,1,1,0,1,0,0,0,1,1
May,1,1,1,1,0,1,1,0,1
May,1,0,0,0,0,0,0,0,1
May,1,0,0,1,0,0,0,0,1
May,1,0,0,1,0,0,0,0,1
May,1,1,0,0,1,1,0,1,1
May,1,0,0,1,0,1,0,0,1
May,1,1,0,0,0,0,0,0,1
May,2,0,1,2,0,2,1,1,1
May,1,1,0,1,0,0,0,0,1
May,1,1,0,1,1,0,1,1,1
May,1,0,0,1,0,0,0,0,1
May,1,1,1,0,1,0,1,1,1
May,1,1,1,1,1,1,1,1,1
May,1,0,0,0,0,0,0,0,1
May,1,1,1,0,1,1,0,0,1
May,1,0,1,1,0,0,0,0,1
May,1,0,0,1,0,1,1,0,1
May,1,1,0,1,1,1,1,1,1
May,1,0,0,0,0,0,0,0,1
May,1,1,1,1,0,1,0,1,1
May,1,1,0,0,0,0,0,0,1
May,1,0,1,1,0,1,0,0,1
May,2,1,2,2,0,2,2,0,1
May,3,1,3,2,0,2,1,0,1
May,1,1,0,1,0,1,0,0,1
May,1,0,1,0,0,0,0,0,1
May,1,0,1,0,0,0,0,0,1
May,1,0,0,1,0,0,0,1,1
May,1,1,1,1,1,0,0,1,1
May,1,0,0,1,1,0,0,0,1
May,1,0,0,1,1,0,0,0,1
May,3,2,0,1,1,0,2,2,1
May,1,0,0,1,1,0,0,0,1
May,3,2,1,3,1,1,1,1,1
May,1,0,1,0,0,0,0,0,1
